,name,gender,birth_date,party_name,post_label,elected,twitter_username,twitter_user_id
20,Gerald Howarth,male,68,Conservative and Unionist Party,Aldershot,True,geraldhowarth,108935576
21,Gary Puffett,male,0,Labour Party,Aldershot,False,Gary_Puffett,254533424
23,John Fisher,male,0,Labour Party,Aldridge-Brownhills,False,JohnFisher_1,870198840
25,Wendy Morton,female,48,Conservative and Unionist Party,Aldridge-Brownhills,True,morton_wendy,813678139
27,Graham Brady,male,48,Conservative and Unionist Party,Altrincham and Sale West,True,Graham__Brady,1134752502
38,Kevin Gillott,male,0,Labour Party,Amber Valley,False,KevinGillottDCC,2827093541
53,Helen Harrison,female,0,Conservative and Unionist Party,Ashfield,False,helenharrisonuk,580106431
54,Gloria De Piero,female,43,Labour Party,Ashfield,True,GloriaDePiero,162472533
67,Victoria Prentis,female,44,Conservative and Unionist Party,Banbury,True,VictoriaPrentis,2862527512
68,Sean Woodcock,male,0,Labour Party,Banbury,False,SEANLWOODCOCK,200538258
85,Gavin Callaghan,male,0,Labour Party,Basildon and Billericay,False,CllrCallaghan,2180913403
87,Paul Harvey,male,0,Labour Party,Basingstoke,False,CllrPaulHarvey,955161218
88,Maria Miller,female,51,Conservative and Unionist Party,Basingstoke,True,mariamiller2015,3329615980
91,Sarah Downes,female,0,Conservative and Unionist Party,Bassetlaw,False,Sarahcdownes,71084757
93,John Mann,male,55,Labour Party,Bassetlaw,True,JohnMannMP,357805905
100,Imtiaz Ameen,Male,0,Conservative and Unionist Party,Batley and Spen,False,imtiazameen,299704578
102,Jo Cox,female,41,Labour Party,Batley and Spen,True,Jo_Cox1,53397218
104,Jane Ellison,female,51,Conservative and Unionist Party,Battersea,True,JaneEllison,132236753
106,Will Martindale,male,0,Labour Party,Battersea,False,WillJMartindale,571158028
111,Marina Ahmad,female,0,Labour Party,Beckenham,False,LabourMarina,3387996465
163,Rushanara Ali,female,40,Labour Party,Bethnal Green and Bow,True,rushanaraali,245849058
169,Matthew Smith,male,32,Conservative and Unionist Party,Bethnal Green and Bow,False,Matt4CardiffW,2416910936
171,Margaret Pinder,female,0,Labour Party,Beverley and Holderness,False,MargaretPinder,961062661
172,Graham Stuart,male,53,Conservative and Unionist Party,Beverley and Holderness,True,grahamstuart,14395178
178,Stefano Borella,male,0,Labour Party,Bexleyheath and Crayford,False,StefBorella,2205752888
180,David Evennett,male,66,Conservative and Unionist Party,Bexleyheath and Crayford,True,DavidEvennett,17298241
183,Frank Field,male,73,Labour Party,Birkenhead,True,frankfieldteam,20688804
184,Clark Vasey,male,0,Conservative and Unionist Party,Birkenhead,False,ClarkVasey,3244940967
186,Luke Evans,male,32,Conservative and Unionist Party,"Birmingham, Edgbaston",False,drlukeevans,475138726
190,Gisela Stuart,female,60,Labour Party,"Birmingham, Edgbaston",True,GiselaStuart,26584956
192,Jack Dromey,male,67,Labour Party,"Birmingham, Erdington",True,JackDromeyMP,387054267
194,James Bird,male,0,Conservative and Unionist Party,"Birmingham, Hall Green",False,James_Bird_,26007404
196,Roger Godsiff,male,69,Labour Party,"Birmingham, Hall Green",True,RogerGodsiff,236953412
199,Liam Byrne,male,45,Labour Party,"Birmingham, Hodge Hill",True,LiamByrneMP,27212119
200,Kieran Mullan,male,0,Conservative and Unionist Party,"Birmingham, Hodge Hill",False,KieranMullanUK,2834640796
204,Shabana Mahmood,female,35,Labour Party,"Birmingham, Ladywood",True,ShabanaMahmood,407741330
205,Isabel Sigmac,female,0,Conservative and Unionist Party,"Birmingham, Ladywood",False,IsabelSigmac,387806419
206,Richard Burden,Male,61,Labour Party,"Birmingham, Northfield",True,RichardBurdenMP,253490735
208,Rachel Maclean,female,0,Conservative and Unionist Party,"Birmingham, Northfield",False,redditchrachel,860896517737119744
211,Charlotte Hodivala,female,0,Conservative and Unionist Party,"Birmingham, Perry Barr",False,ch4pb,2825883455
213,Khalid Mahmood,male,54,Labour Party,"Birmingham, Perry Barr",True,khalid4PB,3030160806
215,Alex Boulter,female,0,Conservative and Unionist Party,"Birmingham, Selly Oak",False,alex_boulter,1723301382
217,Steve McCabe,male,60,Labour Party,"Birmingham, Selly Oak",True,steve_mccabe,21408041
225,Christopher Adams,male,26,Conservative and Unionist Party,Bishop Auckland,False,C_F_Adams,711964386
226,Helen Goodman,female,57,Labour Party,Bishop Auckland,True,HelenGoodmanMP,277496722
228,Bob Eastwood,male,0,Conservative and Unionist Party,Blackburn,False,Bobrjeastwood,1140683299
229,Kate Hollern,female,60,Labour Party,Blackburn,True,Kate_HollernMP,191074455
233,Paul Maynard,male,40,Conservative and Unionist Party,Blackpool North and Cleveleys,True,PaulMaynardUK,15133808
235,Sam Rushworth,male,31,Labour Party,Blackpool North and Cleveleys,False,SamJRushworth,61862447
237,Peter Anthony,male,0,Conservative and Unionist Party,Blackpool South,False,peterfor2017,2699190565
239,Gordon Marsden,male,62,Labour Party,Blackpool South,True,GordonMarsden,1114522266
255,Peter Alexander Bedford,male,29,Conservative and Unionist Party,Bolsover,False,PeterABedford,62093763
257,David Crausby,male,69,Labour Party,Bolton North East,True,DavidCrausby,1417840321
258,James Daly,male,0,Conservative and Unionist Party,Bolton North East,False,cllrjamesdaly,1430228162
262,Chris Green,male,42,Conservative and Unionist Party,Bolton West,True,CGreenUK,1305528373
278,Tobias Ellwood,male,49,Conservative and Unionist Party,Bournemouth East,True,Tobias_Ellwood,482866177
286,Phillip Lee,male,45,Conservative and Unionist Party,Bracknell,True,DrPhillipLeeMP,328576792
288,James Walsh,male,0,Labour Party,Bracknell,False,JamesLWalsh,167454696
293,Judith Cummins,female,48,Labour Party,Bradford South,True,JudithCummins,401568431
313,Dawn Butler,female,46,Labour Party,Brent Central,True,DawnButlerBrent,114505454
316,Alan Mendoza,Male,0,Conservative and Unionist Party,Brent Central,False,AlanMPolitics,2991735843
319,Barry Gardiner,male,58,Labour Party,Brent North,True,BarryGardiner,107722321
321,Luke Parker,male,0,Conservative and Unionist Party,Brent North,False,luke_r_parker,27625137
323,Ruth Cadbury,female,56,Labour Party,Brentford and Isleworth,True,RuthCadbury,108654496
326,Mary Macleod,female,46,Conservative and Unionist Party,Brentford and Isleworth,False,MaryMacleodUK,44548822
341,Andrew Percy,Male,38,Conservative and Unionist Party,Brigg and Goole,True,AndrewPercy,754763748208967680
347,Clarence Mitchell,male,0,Conservative and Unionist Party,"Brighton, Pavilion",False,mitch_1uk,1053637880
348,Purna Sen,female,0,Labour Party,"Brighton, Pavilion",False,Purna_Sen,919914900
350,Theo Clarke,female,0,Conservative and Unionist Party,Bristol East,False,theodoraclarke,61052508
354,Kerry McCarthy,female,50,Labour Party,Bristol East,True,KerryMP,18099795
357,Darren Jones,male,0,Labour Party,Bristol North West,False,darrenpjones,20392734
359,Charlotte Leslie,female,37,Conservative and Unionist Party,Bristol North West,True,CharlotteLeslie,631874663
362,Isobel Grant,Female,40,Conservative and Unionist Party,Bristol South,False,isogrant,259707048
363,Karin Smyth,female,51,Labour Party,Bristol South,True,karinsmyth,485146783
371,Chris Jones,male,0,Labour Party,Broadland,False,Chris4NorwichN,2478823452
372,Keith Simpson,male,66,Conservative and Unionist Party,Broadland,True,KeithSimpsonMP,740355601
373,John Courtneidge,male,0,Labour Party,Bromley and Chislehurst,False,john72442541,1407283063
375,Bob Neill,male,63,Conservative and Unionist Party,Bromley and Chislehurst,True,neill_bob,2271025438
379,Tom Ebbutt,male,0,Labour Party,Bromsgrove,False,tomebbutt,68701451
381,Sajid Javid,male,46,Conservative and Unionist Party,Bromsgrove,True,sajidjavid,20052899
386,Nick Palmer,male,65,Labour Party,Broxtowe,False,Nick4Broxtowe,65433010
387,Anna Soubry,female,59,Conservative and Unionist Party,Broxtowe,True,Anna_Soubry,326184301
393,Andrew Griffiths,male,45,Conservative and Unionist Party,Burton,True,AndrewGriffiths,222477026
396,Jon Wheale,male,0,Labour Party,Burton,False,JonWheale,261134741
398,James Frith,male,0,Labour Party,Bury North,False,BuryNorthLabour,2375470213
399,David Nuttall,male,53,Conservative and Unionist Party,Bury North,True,DNuttall,102958885
403,Ivan Lewis,male,48,Labour Party,Bury South,True,IvanLewis_MP,249709671
406,Jo Churchill,female,51,Conservative and Unionist Party,Bury St Edmunds,True,Jochurchill4,2855674449
407,William Edwards,male,64,Labour Party,Bury St Edmunds,False,billburysted,117110732
418,Joshua Fenton-Glynn,male,0,Labour Party,Calder Valley,False,JoshFG,860471443
421,Craig Whittaker,male,53,Conservative and Unionist Party,Calder Valley,True,Craig_Whittaker,134738764
425,Harriet Harman,female,65,Labour Party,Camberwell and Peckham,True,HarrietHarman,19977759
428,Naomi Newstead,female,0,Conservative and Unionist Party,Camberwell and Peckham,False,NaomiNewstead,350291997
439,Amanda Milling,female,40,Conservative and Unionist Party,Cannock Chase,True,amandamilling,381433782
440,Janos Toth,male,0,Labour Party,Cannock Chase,False,JanosToth1,726223878
475,Lee Barbara Sherriff,female,0,Labour Party,Carlisle,False,MissleeCarlisle,19443357
476,John Stevenson,male,52,Conservative and Unionist Party,Carlisle,True,John4Carlisle,222419520
487,Matthew Maxwell Scott,male,39,Conservative and Unionist Party,Carshalton and Wallington,False,mmaxwellscott,1040075106
488,Siobhan Tate,female,0,Labour Party,Carshalton and Wallington,False,siobhan4candw,1899452624
500,Jack Simon Abbott,male,0,Labour Party,Central Suffolk and North Ipswich,False,jackabbott90,347347870
504,Daniel Poulter,male,37,Conservative and Unionist Party,Central Suffolk and North Ipswich,True,drdanpoulter,2789756486
511,Sean Kelly-Walsh,male,24,Labour Party,Charnwood,False,seankellywalsh,380897876
515,Tracey Crouch,female,40,Conservative and Unionist Party,Chatham and Aylesford,True,tracey_crouch,62613162
517,Tristan Osborne,male,33,Labour Party,Chatham and Aylesford,False,cllrtrisosborne,15747950
525,Chris Vince,male,0,Labour Party,Chelmsford,False,ChrisJVince,1704239983
526,Greg Hands,male,50,Conservative and Unionist Party,Chelsea and Fulham,True,GregHands,125270251
527,Alexandra Sanderson,female,0,Labour Party,Chelsea and Fulham,False,_AlexSanderson,1679426635
538,Toby Perkins,Male,45,Labour Party,Chesterfield,True,tobyperkinsmp,61733092
539,Mark Vivis,male,0,Conservative and Unionist Party,Chesterfield,False,MarkVivis,155150437
548,Bilal Mahmood,male,0,Labour Party,Chingford and Woodford Green,False,bilal_labour,1010045504
558,Amy Trevethan,female,0,Labour Party,Chipping Barnet,False,AmyTrevethan,2288547139
560,Lindsay Hoyle,male,58,Labour Party,Chorley,True,LindsayHoyle_MP,609096352
580,Giles Watling,male,62,Conservative and Unionist Party,Clacton,False,GilesWatling,37891233
581,Tim Young,male,54,Labour Party,Clacton,False,Tim4Labour,1208909684
583,Peter Keith,male,0,Labour Party,Cleethorpes,False,MrPeterKeith,2291166992
584,Martin Vickers,Male,65,Conservative and Unionist Party,Cleethorpes,True,MartinVickers,831250927
602,Jane East,female,0,Labour Party,Colne Valley,False,Jane_East4CV,3246254913
603,Jason McCartney,Male,47,Conservative and Unionist Party,Colne Valley,True,JasonMcCartney,19619404
607,Darren Price,male,45,Labour Party,Congleton,False,DPriceLabour,1288909302
608,Jamie Reed,male,42,Labour Party,Copeland,True,JamieFonzarelli,191111643
616,Michelle Lowe,female,0,Conservative and Unionist Party,Coventry North East,False,MichelleLowe14,580937850
617,Parvez Akhtar,male,0,Conservative and Unionist Party,Coventry North West,False,akhtar4coventry,2966536337
620,Geoffrey Robinson,male,77,Labour Party,Coventry North West,True,Geoffrey4CovNW,856796146790006784
622,Jim Cunningham,male,74,Labour Party,Coventry South,True,jimforcovsouth,842014278739734528
625,Gary Ridley,male,0,Conservative and Unionist Party,Coventry South,False,CllrGaryRidley,273453993
628,Chris Oxlade,male,0,Labour Party,Crawley,False,chrisoxlade,20671658
629,Henry Smith,male,46,Conservative and Unionist Party,Crawley,True,HenrySmithUK,873819098
630,Adrian Heald,male,0,Labour Party,Crewe and Nantwich,False,DrAdrianHeald,115706550
632,Gavin Barwell,male,43,Conservative and Unionist Party,Croydon Central,True,GavinBarwell,242943134
634,Sarah Jones,female,43,Labour Party,Croydon Central,False,LabourSJ,1337725045
642,Emily Benn,female,26,Labour Party,Croydon South,False,Emily_Benn,97694385
645,Chris Philp,male,39,Conservative and Unionist Party,Croydon South,True,CPhilpOfficial,89307992
654,Jenny Chapman,female,42,Labour Party,Darlington,True,JennyChapman,20856796
657,Peter Malcolm Cuthbertson,male,32,Conservative and Unionist Party,Darlington,False,pmcuthbertson,64685665
661,Simon Thomson,male,0,Labour Party,Dartford,False,simontthomson,389363219
663,Abigail Campbell,female,42,Labour Party,Daventry,False,CampbellAbigail,304883852
666,Chris Heaton-Harris,male,48,Conservative and Unionist Party,Daventry,True,chhcalling,80943076
673,Andrew Gwynne,male,41,Labour Party,Denton and Reddish,True,GwynneMP,54351001
674,Lana Hempsall,female,0,Conservative and Unionist Party,Denton and Reddish,False,LanaHempsall,823288302
678,Chris Williamson,male,59,Labour Party,Derby North,False,DerbyChrisW,49682880
681,Evonne Williams,female,0,Conservative and Unionist Party,Derby South,False,EvonneWilliams,507419722
682,Andy Botham,male,48,Labour Party,Derbyshire Dales,False,Roobotham,114873829
684,Patrick McLoughlin,male,58,Conservative and Unionist Party,Derbyshire Dales,True,Patrick4Dales,3144626321
691,Simon Reevell,male,49,Conservative and Unionist Party,Dewsbury,False,simonreevell,22282116
692,Paula Sherriff,female,40,Labour Party,Dewsbury,True,paulasherriff,29169821
693,Caroline Flint,female,54,Labour Party,Don Valley,True,CarolineFlintMP,227023883
694,Carl Jackson,male,0,Conservative and Unionist Party,Don Valley,False,CllrCarlJackson,3310977946
699,Charlie Elphicke,male,44,Conservative and Unionist Party,Dover,True,CharlieElphicke,54515428
700,Clair Hawkins,female,39,Labour Party,Dover,False,ClairHawkins,409331274
703,Ian Austin,male,50,Labour Party,Dudley North,True,IanAustinMP,261782937
706,Les Jones,male,0,Conservative and Unionist Party,Dudley North,False,CouncillorLes,59064380
708,Natasha Millward,female,0,Labour Party,Dudley South,False,natashamillward,248908429
709,Mike Wood,male,39,Conservative and Unionist Party,Dudley South,True,mikejwood,14728535
712,Helen Hayes,female,41,Labour Party,Dulwich and West Norwood,True,helenhayes_,261886643
713,Resham Kotecha,female,0,Conservative and Unionist Party,Dulwich and West Norwood,False,ReshamKotecha,814984682
747,Rupa Huq,female,43,Labour Party,Ealing Central and Acton,True,RupaHuq,706747004
754,Virendra Sharma,male,68,Labour Party,"Ealing, Southall",True,VirendraSharma,23452598
756,James Symes,male,0,Conservative and Unionist Party,"Ealing, Southall",False,JSymesUK,18189407
778,Samir Jassal,male,0,Conservative and Unionist Party,East Ham,False,samirjassal,2718842805
780,Stephen Timms,male,60,Labour Party,East Ham,True,stephenctimms,102107018
806,Tim Loughton,male,53,Conservative and Unionist Party,East Worthing and Shoreham,True,timloughton,108587399
810,Kevin Hickson,male,0,Labour Party,East Yorkshire,False,Kevin_Hickson,2337358057
811,Greg Knight,male,66,Conservative and Unionist Party,East Yorkshire,True,GregKnight,15453062
824,James Laing,male,48,Labour Party,Eddisbury,False,eddisburylabour,2887109993
827,Antoinette Sandbach,female,46,Conservative and Unionist Party,Eddisbury,True,Sandbach,92759618
858,Katherine Fletcher,female,39,Conservative and Unionist Party,Ellesmere Port and Neston,False,Fletch_1976,2318830022
859,Justin Madders,male,43,Labour Party,Ellesmere Port and Neston,True,justinmadders,2999868527
862,Veronica Marie King,female,0,Labour Party,Elmet and Rothwell,False,vron_king,72528291
863,Alec Shelbrooke,male,39,Conservative and Unionist Party,Elmet and Rothwell,True,AlecShelbrooke,130092487
865,Spencer Drury,male,46,Conservative and Unionist Party,Eltham,False,Spencer_Drury,1513768532
866,Clive Efford,male,57,Labour Party,Eltham,True,CliveEfford,393436815
869,Nick de Bois,male,56,Conservative and Unionist Party,Enfield North,False,nickdebois,20356313
873,Joan Ryan,female,60,Labour Party,Enfield North,True,joanryanEnfield,167867714
875,David Burrowes,male,46,Conservative and Unionist Party,"Enfield, Southgate",True,DavidBurrowesUK,41901500
876,Bambos Charalambous,male,63,Labour Party,"Enfield, Southgate",False,BambosMP,102023574
889,Catherine Atkinson,female,34,Labour Party,Erewash,False,catkinson80,176721099
893,Anna Firth,female,0,Conservative and Unionist Party,Erith and Thamesmead,False,anna_firth,1426186200
895,Teresa Pearce,female,60,Labour Party,Erith and Thamesmead,True,tpearce003,14146330
898,Francis Eldergill,male,52,Labour Party,Esher and Walton,False,eldergill,20549706
901,Ben Bradshaw,male,55,Labour Party,Exeter,True,BenPBradshaw,24211594
926,Ian Boulton,male,47,Labour Party,Filton and Bradley Stoke,False,IanBoulton,42957060
928,Jack Lopresti,male,46,Conservative and Unionist Party,Filton and Bradley Stoke,True,JackLopresti,1067829343
931,Sarah Sackman,female,0,Labour Party,Finchley and Golders Green,False,sarahsackman,1151672852
951,Jed Sullivan,male,42,Labour Party,Fylde,False,sullivan_jed,2859889698
954,Edward Leigh,male,65,Conservative and Unionist Party,Gainsborough,True,EdwardLeighMP,474180693
955,David Prescott,male,0,Labour Party,Gainsborough,False,DavidPrescott,19344585
956,Maria Eagle,female,54,Labour Party,Garston and Halewood,True,meaglemp,192935794
963,Carolyn Abbott,female,0,Conservative and Unionist Party,Gedling,False,Abbott4Gedling,20440432
964,Vernon Coaker,male,62,Labour Party,Gedling,True,Vernon_Coaker,90432690
968,Rehman Chishti,male,37,Conservative and Unionist Party,Gillingham and Rainham,True,Rehman_Chishti,2863865170
969,Paul Clark,male,58,Labour Party,Gillingham and Rainham,False,PaulClark4GandR,1893132558
1003,Sophy Gardner,female,0,Labour Party,Gloucester,False,sophygardner,238143703
1004,Richard Graham,male,57,Conservative and Unionist Party,Gloucester,True,RichardGrahamUK,1530621674
1022,Tanmanjit Singh Dhesi,male,37,Labour Party,Gravesham,False,TanDhesi,1865540413
1023,Adam Holloway,male,50,Conservative and Unionist Party,Gravesham,True,AdamHollowayMP,3371427681
1028,Melanie Onn,female,36,Labour Party,Great Grimsby,True,OnnMel,254193620
1030,Brandon Lewis,male,44,Conservative and Unionist Party,Great Yarmouth,True,BrandonLewis,16884084
1031,Lara Norris,female,0,Labour Party,Great Yarmouth,False,lara_norris,237346888
1037,Matt Hartley,male,0,Conservative and Unionist Party,Greenwich and Woolwich,False,MattHartley100,88922768
1039,Matthew Pennycook,male,33,Labour Party,Greenwich and Woolwich,True,mtpennycook,21084719
1048,Diane Abbott,female,62,Labour Party,Hackney North and Stoke Newington,True,HackneyAbbott,153810216
1051,Amy Gray,female,0,Conservative and Unionist Party,Hackney North and Stoke Newington,False,hackneyamyg,2303764736
1061,James Morris,male,48,Conservative and Unionist Party,Halesowen and Rowley Regis,True,JamesMorris,155892458
1062,Stephanie Peacock,female,0,Labour Party,Halesowen and Rowley Regis,False,Steph_Peacock,51062977
1064,Philip Allott,male,0,Conservative and Unionist Party,Halifax,False,Allott4action,103020691
1066,Holly Walker-Lynch,female,29,Labour Party,Halifax,True,HollyLynch5,382181117
1067,David Davis,male,67,Conservative and Unionist Party,Haltemprice and Howden,True,DavidDavisMP,2797521996
1068,Edward Hart,male,0,Labour Party,Haltemprice and Howden,False,XanderEdz77,2774189083
1072,Matthew Lloyd,male,0,Conservative and Unionist Party,Halton,False,mdlloyd,12004752
1074,Derek Twigg,male,56,Labour Party,Halton,True,DerekTwiggMP,2245759171
1076,Charlie Dewhirst,male,35,Conservative and Unionist Party,Hammersmith,False,charliedewhirst,65324089
1078,Andrew Slaughter,male,55,Labour Party,Hammersmith,True,hammersmithandy,66078636
1080,Simon Marcus,male,0,Conservative and Unionist Party,Hampstead and Kilburn,False,SimonMarcus,45577685
1082,Tulip Siddiq,female,33,Labour Party,Hampstead and Kilburn,True,TulipSiddiq,113491007
1083,Edward Garnier,male,63,Conservative and Unionist Party,Harborough,True,EHGarnier,2976541433
1085,Sundip Meghani,male,0,Labour Party,Harborough,False,Sundip,17452196
1089,Robert Halfon,male,46,Conservative and Unionist Party,Harlow,True,halfon4harlowMP,19758148
1091,Suzy Stride,female,0,Labour Party,Harlow,False,suzy4harlow,2374273818
1099,Bob Blackman,Male,59,Conservative and Unionist Party,Harrow East,True,BobBlackman,805185025
1100,Uma Kumaran,female,0,Labour Party,Harrow East,False,Uma_Kumaran,404115169
1108,Edward Browne,male,0,Labour Party,Harwich and North Essex,False,ECarlssonBrowne,2336728740
1112,Bernard Jenkin,male,56,Conservative and Unionist Party,Harwich and North Essex,True,bernardjenkin,222762589
1122,John McDonnell,male,64,Labour Party,Hayes and Harlington,True,johnmcdonnellMP,77234984
1129,Tony Breslin,male,53,Labour Party,Hemel Hempstead,False,UKpolicywatch,204347416
1134,Chris Pearson,male,0,Conservative and Unionist Party,Hemsworth,False,Pearson4Halifax,270846567
1136,Jon Trickett,male,65,Labour Party,Hemsworth,True,jon_trickett,191807697
1137,Andrew Dismore,male,61,Labour Party,Hendon,False,Andrew_Dismore,241922595
1139,Matthew Offord,male,46,Conservative and Unionist Party,Hendon,True,Offord4Hendon,236395049
1142,John Howell,male,60,Conservative and Unionist Party,Henley,True,JHowellUK,993161678
1143,Sam Juthani,male,0,Labour Party,Henley,False,SamJuthani,1974466754
1149,Katherine Chibah,female,0,Labour Party,Hertford and Stortford,False,ChibahKatherine,1544053374
1152,Mark Prisk,male,53,Conservative and Unionist Party,Hertford and Stortford,True,PriskMark,463888230
1153,Richard Raymond Butler,male,0,Labour Party,Hertsmere,False,CllrRButler,323877534
1154,Liam Carr,male,0,Labour Party,Hexham,False,LiamRCarr,202738931
1156,Guy Opperman,male,50,Conservative and Unionist Party,Hexham,True,GuyOpperman,143386976
1162,Caitlin Bisknell,female,0,Labour Party,High Peak,False,CaitlinBisknell,110559810
1165,Rachel Burgin,female,0,Labour Party,Hitchin and Harpenden,False,MrsBurgin,51416654
1166,Peter Lilley,male,72,Conservative and Unionist Party,Hitchin and Harpenden,True,LilleyPeter,501698806
1170,Will Blair,male,0,Conservative and Unionist Party,Holborn and St Pancras,False,will_blair,83405429
1175,Keir Starmer,male,53,Labour Party,Holborn and St Pancras,True,Keir_Starmer,2425571623
1193,Peter Kyle,male,45,Labour Party,Hove,True,peterkyle,21769986
1200,Jonathan Djanogly,male,50,Conservative and Unionist Party,Huntingdon,True,JDjanogly,131120978
1201,Nik Johnson,male,0,Labour Party,Huntingdon,False,CambridgeMagpie,50771677
1204,Kevin Horkin,male,0,Conservative and Unionist Party,Hyndburn,False,KevinHorkin,467332789
1205,Graham Jones,male,49,Labour Party,Hyndburn,True,GrahamJones_MP,260824465
1207,Wes Streeting,male,32,Labour Party,Ilford North,True,wesstreeting,20362684
1222,David Ellesmere,male,0,Labour Party,Ipswich,False,davidellesmere,133844829
1223,Ben Gummer,male,37,Conservative and Unionist Party,Ipswich,True,gummerben,28087982
1227,Alex Burghart,male,0,Conservative and Unionist Party,Islington North,False,alexburghart,22474050
1229,Jeremy Corbyn,male,66,Labour Party,Islington North,True,jeremycorbyn,117777690
1234,Mark Lim,male,0,Conservative and Unionist Party,Islington South and Finsbury,False,DrMarkLim,195140602
1237,Emily Thornberry,female,55,Labour Party,Islington South and Finsbury,True,EmilyThornberry,164226176
1249,John Grogan,male,54,Labour Party,Keighley,False,KeighleyLabour,913196785
1253,Bally Singh,male,0,Labour Party,Kenilworth and Southam,False,BallySingh74,283682540
1255,Victoria Borwick,female,59,Conservative and Unionist Party,Kensington,True,backborwick,3076039949
1260,Rhea Keehn,female,0,Labour Party,Kettering,False,RheaKeehn,378200785
1282,Jo McCarron,female,40,Labour Party,Kingswood,False,jomccarron,73379912
1284,Chris Skidmore,male,34,Conservative and Unionist Party,Kingswood,True,CSkidmoreUK,436576452
1302,Eric Ollerenshaw,male,65,Conservative and Unionist Party,Lancaster and Fleetwood,False,VoteOllerenshaw,855110694546677760
1303,Cat Smith,female,30,Labour Party,Lancaster and Fleetwood,True,CatSmithMP,31756041
1304,Hilary Benn,male,62,Labour Party,Leeds Central,True,hilarybennmp,408454349
1307,Nicola Wilson,female,0,Conservative and Unionist Party,Leeds Central,False,NicolaFWilson,2975603489
1309,Richard Burgon,male,35,Labour Party,Leeds East,True,RichardBurgon,545081356
1311,Ryan Stephenson,male,0,Conservative and Unionist Party,Leeds East,False,Stephenson_Ryan,240030844
1314,Fabian Hamilton,male,60,Labour Party,Leeds North East,True,FabianLeedsNE,859433240452583424
1316,Simon Wilson,male,0,Conservative and Unionist Party,Leeds North East,False,SimonFWilson1,949396808
1321,Alex Sobel,male,40,Labour Party,Leeds North West,False,alexsobel,15726425
1325,Rachel Reeves,female,36,Labour Party,Leeds West,True,RachelReevesMP,34374472
1326,Alex Traves,male,0,Conservative and Unionist Party,Leeds West,False,aptsw1,541791988
1330,Kishan Devani,Male,0,Conservative and Unionist Party,Leicester East,False,Kishan_Devani,1342967244
1334,Leon Hadji-Nikolaou,Male,0,Conservative and Unionist Party,Leicester South,False,Leon_Leicester,2826910860
1337,Paul Bessant,Male,0,Conservative and Unionist Party,Leicester West,False,PaulForWest,2717669531
1339,Liz Kendall,female,44,Labour Party,Leicester West,True,leicesterliz,105800463
1340,Andy Burnham,male,45,Labour Party,Leigh,True,AndyBurnhamGM,143779403
1342,Louisa Townson,female,0,Conservative and Unionist Party,Leigh,False,LDTownson,458314051
1347,Heidi Alexander,female,40,Labour Party,Lewisham East,True,heidi_mp,389434876
1349,Peter Fortune,male,0,Conservative and Unionist Party,Lewisham East,False,PeterTFortune,989608254
1357,Russell Jackson,male,0,Conservative and Unionist Party,Lewisham West and Penge,False,russellantony,33881503
1359,Bim Afolami,male,0,Conservative and Unionist Party,"Lewisham, Deptford",False,BimAfolami,311956971
1363,Vicky Foxcroft,female,38,Labour Party,"Lewisham, Deptford",True,vickyfoxcroft,174396155
1367,John Cryer,male,51,Labour Party,Leyton and Wanstead,True,JohnCryerMP,2979904613
1370,Michael Fabricant,male,65,Conservative and Unionist Party,Lichfield,True,Mike_Fabricant,19058678
1372,Chris Worsey,male,0,Labour Party,Lichfield,False,ChrisWorsey,264829864
1373,Karl McCartney,male,47,Conservative and Unionist Party,Lincoln,True,karlmccartney,26796376
1376,Lucy Rigby,female,0,Labour Party,Lincoln,False,LucyRigby,23105852
1407,Nicky Morgan,female,43,Conservative and Unionist Party,Loughborough,True,NickyMorgan01,34940114
1408,Matthew O'Callaghan,male,0,Labour Party,Loughborough,False,LoughbroMatthew,339547394
1418,Dean Russell,Male,0,Conservative and Unionist Party,Luton North,False,dean_r,17963897
1424,Tim Roca,male,0,Labour Party,Macclesfield,False,timroca85,351600865
1425,David Rutley,male,54,Conservative and Unionist Party,Macclesfield,True,DavidRutley,606306570
1428,Theresa May,female,59,Conservative and Unionist Party,Maidenhead,True,theresa_may,747807250819981312
1429,Charles Smith,male,0,Labour Party,Maidenhead,False,charlie_rsmith,784431038
1466,Tom McNeil,male,0,Labour Party,Meriden,False,mcneil_tom,1652897768
1467,Caroline Spelman,female,57,Conservative and Unionist Party,Meriden,True,spelmanc,453133872
1473,Nadine Dorries,female,58,Conservative and Unionist Party,Mid Bedfordshire,True,NadineDorries,457060718
1478,Charlynne Pullen,female,30,Labour Party,Mid Bedfordshire,False,CharlynnePullen,197804641
1480,Nicola Heaton,female,0,Labour Party,Mid Derbyshire,False,nicolaheaton,18678625
1481,Pauline Latham,female,67,Conservative and Unionist Party,Mid Derbyshire,True,Pauline_Latham,19087569
1494,Greg Mountain,male,0,Labour Party,Mid Sussex,False,Mountainin2015,2494392186
1495,Nicholas Soames,male,67,Conservative and Unionist Party,Mid Sussex,True,NSoames,2363670413
1509,Tom Blenkinsop,male,35,Labour Party,Middlesbrough South and East Cleveland,True,TomBlenkinsop,131970620
1512,Will Goodhand,male,0,Conservative and Unionist Party,Middlesbrough South and East Cleveland,False,WillGoodhand4MP,1654791650
1519,Emily Darlington,female,0,Labour Party,Milton Keynes North,False,emily4MK,494082207
1520,Mark Lancaster,male,45,Conservative and Unionist Party,Milton Keynes North,True,MarkLancasterMK,175005016
1529,Paul Holmes,male,27,Conservative and Unionist Party,Mitcham and Morden,False,pauljholmes,172090468
1530,Siobhain McDonagh,female,55,Labour Party,Mitcham and Morden,True,Siobhain_MP,580749365
1550,Amina Lone,female,0,Labour Party,Morecambe and Lunesdale,False,Amina_Lone,105200096
1551,David Morris,male,49,Conservative and Unionist Party,Morecambe and Lunesdale,True,davidmorrisml,187632184
1572,Robert Jenrick,Male,33,Conservative and Unionist Party,Newark,True,RobertJenrick,2323710210
1574,Michael Payne,male,0,Labour Party,Newark,False,MichaelPayneUK,40297217
1643,Laetitia Glossop,female,0,Conservative and Unionist Party,North Durham,False,TishGlossop,714049944
1644,Kevan Jones,male,51,Labour Party,North Durham,True,KevanJonesMP,815306454
1646,Saqhib Ali,male,0,Labour Party,North East Bedfordshire,False,SaqhibAli2017,241841666
1648,Alistair Burt,male,60,Conservative and Unionist Party,North East Bedfordshire,True,AlistairBurtUK,986390774
1655,Lee Benjamin Rowley,male,35,Conservative and Unionist Party,North East Derbyshire,False,Lee4NED,1216506050
1667,Chris York,male,0,Labour Party,North East Hertfordshire,False,ChrisYorkUK,42163539
1669,Todd Foreman,male,0,Labour Party,North East Somerset,False,ToddDForeman,250306638
1680,Graeme Currie,male,59,Labour Party,North Shropshire,False,graeme_currie1,1342705754
1682,Owen Paterson,male,59,Conservative and Unionist Party,North Shropshire,True,OwenPaterson,2660755152
1684,Liam Fox,male,54,Conservative and Unionist Party,North Somerset,True,LiamFox,532241033
1687,Mark Dempsey,male,0,Labour Party,North Swindon,False,dempsey4labour,260738126
1688,Justin Tomlinson,male,39,Conservative and Unionist Party,North Swindon,True,JustinTomlinson,250311545
1695,Mary Glindon,female,58,Labour Party,North Tyneside,True,GlindonMary,855421480481456128
1697,Martin McGann,Male,32,Conservative and Unionist Party,North Tyneside,False,martinmcgann83,360890130
1701,Mike O'Brien,male,61,Labour Party,North Warwickshire,False,mikeobrien4mp,1520163139
1702,Craig Tracey,male,41,Conservative and Unionist Party,North Warwickshire,True,craig4nwarks,140020746
1707,Pat Glass,female,58,Labour Party,North West Durham,True,PatMGlass,118429508
1709,Charlotte Haitham Taylor,female,0,Conservative and Unionist Party,North West Durham,False,CharlotteHT_,2723743580
1721,JoAnne Rust,female,0,Labour Party,North West Norfolk,False,JoRust45,407091045
1728,Michael Ellis,male,48,Conservative and Unionist Party,Northampton North,True,Michael_Ellis1,19858924
1729,Sally Keeble,female,64,Labour Party,Northampton North,False,Sally_Keeble,130857126
1731,David Mackintosh,male,0,Conservative and Unionist Party,Northampton South,True,davidmackintosh,103085575
1732,Kevin McKeever,male,35,Labour Party,Northampton South,False,kevinmckeever,20228559
1733,Jessica Asato,female,34,Labour Party,Norwich North,False,Jessica_Asato,15673183
1736,Chloe Smith,female,33,Conservative and Unionist Party,Norwich North,True,NorwichChloe,386776248
1741,Clive Lewis,male,44,Labour Party,Norwich South,True,labourlewis,36924726
1742,Lisa Townsend,Female,0,Conservative and Unionist Party,Norwich South,False,_Lisa_Townsend,142994950
1749,Graham Allen,male,62,Labour Party,Nottingham North,True,GrahamAllenMPX,494828691
1751,Louise Burfitt-Dons,female,62,Conservative and Unionist Party,Nottingham North,False,LouiseBurfDons,21402367
1755,Lilian Greenwood,female,49,Labour Party,Nottingham South,True,LilianGreenwood,20148039
1757,Jane Hunt,female,49,Conservative and Unionist Party,Nottingham South,False,JaneMHunt,36154400
1760,Victoria Fowler,female,0,Labour Party,Nuneaton,False,Victoria_Fowler,80697605
1762,Marcus Jones,male,41,Conservative and Unionist Party,Nuneaton,True,Marcus4Nuneaton,1469686752
1771,James Brokenshire,male,47,Conservative and Unionist Party,Old Bexley and Sidcup,True,JBrokenshire,92498317
1773,Ibrahim Mehmet,male,0,Labour Party,Old Bexley and Sidcup,False,IbbyMehmet,136260691
1776,Debbie Abrahams,female,55,Labour Party,Oldham East and Saddleworth,True,Debbie_abrahams,225857392
1777,Sajjad Hussain,male,0,Conservative and Unionist Party,Oldham East and Saddleworth,False,OLSConservative,2863905923
1792,Melanie Magee,Female,44,Conservative and Unionist Party,Oxford East,False,cllr_magee,865128397
1794,Andrew Smith,male,63,Labour Party,Oxford East,True,VoteAndrewSmith,3034417965
1809,Azhar Ali,Male,0,Labour Party,Pendle,False,Azhar4Pendle,2342164885
1812,Andrew Stephenson,male,34,Conservative and Unionist Party,Pendle,True,Andrew4Pendle,131517399
1813,Angela Christine Smith,female,54,Labour Party,Penistone and Stocksbridge,True,angelasmithmp,245745762
1816,Lee Rushworth,male,0,Labour Party,Penrith and The Border,False,leerushworth1,952479564
1818,Rory Stewart,male,42,Conservative and Unionist Party,Penrith and The Border,True,RoryStewartUK,131926473
1824,Lisa Forbes,female,0,Labour Party,Peterborough,False,LisaForbes_,633066595
1827,Stewart Jackson,male,50,Conservative and Unionist Party,Peterborough,True,Stewart4Pboro,118984824
1829,Johnny Mercer,male,34,Conservative and Unionist Party,"Plymouth, Moor View",True,JohnnyMercerUK,97402576
1831,Alison Seabeck,female,61,Labour Party,"Plymouth, Moor View",False,alisonseabeck,20589545
1846,Jim Fitzpatrick,male,63,Labour Party,Poplar and Limehouse,True,FitzMP,858023803
1849,Christopher Wilford,male,0,Conservative and Unionist Party,Poplar and Limehouse,False,wilford2017,2376645298
1850,John Ferrett,male,0,Labour Party,Portsmouth North,False,John_Ferrett,323809872
1852,Penny Mordaunt,female,42,Conservative and Unionist Party,Portsmouth North,True,PompeyToryParty,2706402844
1866,Stuart Andrew,male,44,Conservative and Unionist Party,Pudsey,True,StuartAndrew,20424362
1868,Jamie Hanley,male,0,Labour Party,Pudsey,False,jamiehanley,2289111
1870,Sheila Boswell,female,0,Labour Party,Putney,False,sheilaboswell,29429535
1872,Justine Greening,female,46,Conservative and Unionist Party,Putney,True,JustineGreening,932446861
1878,Matt Rodda,male,49,Labour Party,Reading East,False,MattRodda,216516145
1880,Rob Wilson,male,50,Conservative and Unionist Party,Reading East,True,RobWilson_RDG,34244239
1882,Victoria Groulef,female,0,Labour Party,Reading West,False,VictoriaGroulef,486105713
1884,Alok Sharma,male,48,Conservative and Unionist Party,Reading West,True,AlokSharma_RDG,1731554581
1889,Rebecca Blake,female,0,Labour Party,Redditch,False,RebeccaBlake31,241279770
1891,Karen Lumley,female,51,Conservative and Unionist Party,Redditch,True,Tell_Karen,2317393614
1900,Nigel Evans,male,58,Conservative and Unionist Party,Ribble Valley,True,ElectNigel,121070777
1901,David Hinder,male,61,Labour Party,Ribble Valley,False,david4rv,2818248860
1920,James Duddridge,male,44,Conservative and Unionist Party,Rochford and Southend East,True,JamesDuddridge,124170781
1921,Ian Gilbert,male,0,Labour Party,Rochford and Southend East,False,CllrIanGilbert,20975514
1934,Jake Berry,male,37,Conservative and Unionist Party,Rossendale and Darwen,True,JakeBerry,217148014
1937,Will Straw,male,0,Labour Party,Rossendale and Darwen,False,wdjstraw,24444965
1946,Claire Edwards,female,0,Labour Party,Rugby,False,claire4rugby,1699862954
1948,Mark Pawsey,male,58,Conservative and Unionist Party,Rugby,True,MarkPawsey,52412027
1951,Michael Borio,male,0,Labour Party,"Ruislip, Northwood and Pinner",False,MichaelBorio,566725137
1953,Nick Hurd,male,53,Conservative and Unionist Party,"Ruislip, Northwood and Pinner",True,NickHurdUK,144929619
1956,Philip Hammond,male,60,Conservative and Unionist Party,Runnymede and Weybridge,True,PhilipHammondUK,2653613168
1958,Arran Neathey,male,0,Labour Party,Runnymede and Weybridge,False,Aneathey,27854792
1962,David Mellen,male,51,Labour Party,Rushcliffe,False,CllrDavidMellen,1072226575
1972,Rebecca Long Bailey,female,36,Labour Party,Salford and Eccles,True,RLong_Bailey,385306338
1977,Tom Corbin,male,0,Labour Party,Salisbury,False,1tomcorbin,1235025320
1979,John Glen,male,41,Conservative and Unionist Party,Salisbury,True,JohnGlenUK,36664451
1984,Ian McInnes,male,0,Labour Party,Scarborough and Whitby,False,Ian1Mcinnes,377025081
1986,Nicholas Dakin,male,60,Labour Party,Scunthorpe,True,NicDakin4MP,93860818
1988,Jo Gideon,Female,0,Conservative and Unionist Party,Scunthorpe,False,jogideon,67323615
1991,Phil Wilson,male,56,Labour Party,Sedgefield,True,MPphilwilson,270926830
1992,Scott Wood,male,0,Conservative and Unionist Party,Sedgefield,False,ScottWood29,1049297821
1993,Valerie Margaret Allen,female,57,Conservative and Unionist Party,Sefton Central,False,valallentory,2903030361
1994,Bill Esterson,male,49,Labour Party,Sefton Central,True,Bill_Esterson,120720108
1996,Nigel Adams,male,49,Conservative and Unionist Party,Selby and Ainsty,True,nadams,3369594003
1997,Mark Hayes,male,0,Labour Party,Selby and Ainsty,False,LangdaleCider,19547250
2016,Oliver Coppard,male,0,Labour Party,"Sheffield, Hallam",False,olivercoppard,17833723
2020,Ian Walker,Male,0,Conservative and Unionist Party,"Sheffield, Hallam",False,IGWalker,267746340
2023,LÃ©onie Mathers,female,0,Labour Party,Sherwood,False,leoniemathers,66207191
2024,Mark Spencer,male,45,Conservative and Unionist Party,Sherwood,True,Mark_Spencer,154943205
2025,Steve Clapcote,Male,43,Labour Party,Shipley,False,ClapcoteS,781520835190415360
2026,Philip Davies,male,43,Conservative and Unionist Party,Shipley,True,PhilipDaviesUK,125312818
2031,Laura Davies,female,0,Labour Party,Shrewsbury and Atcham,False,LauraShrewsbury,4725922335
2033,Daniel Kawczynski,male,43,Conservative and Unionist Party,Shrewsbury and Atcham,True,daniel4shrews,3389082197
2040,Malcolm Birks,male,40,Labour Party,Skipton and Ripon,False,malcolmbirks,67730777
2042,Julian Smith,male,44,Conservative and Unionist Party,Skipton and Ripon,True,JulianSmithUK,728039018
2044,Jason Pandya-Wood,male,0,Labour Party,Sleaford and North Hykeham,False,jasonforlabour,2862761707
2046,Fiona Mactaggart,female,62,Labour Party,Slough,True,fionamacmp,79974944
2047,Gurcharan Singh,male,0,Conservative and Unionist Party,Slough,False,GSOnline,18020279
2065,Heidi Allen,Female,40,Conservative and Unionist Party,South Cambridgeshire,True,heidiallen75,426116125
2066,Dan Greef,Male,34,Labour Party,South Cambridgeshire,False,DanGreef,551770789
2073,Heather Wheeler,Female,56,Conservative and Unionist Party,South Derbyshire,True,HeatherWheeler,21744895
2074,Simon Bowkett,male,0,Labour Party,South Dorset,False,Simon_Bowkett,383285787
2095,Alberto Costa,Male,44,Conservative and Unionist Party,South Leicestershire,True,AlbertoCostaMP,3005893073
2096,Amanda Hack,female,0,Labour Party,South Leicestershire,False,Hack4Labour,31230434
2100,Deborah Sacks,female,51,Labour Party,South Norfolk,False,deborahsacks,96752049
2102,Andrea Leadsom,female,52,Conservative and Unionist Party,South Northamptonshire,True,andrealeadsom,38281180
2103,Lucy Mills,female,0,Labour Party,South Northamptonshire,False,votelucymills,2775213291
2105,Veronica Bennett,female,27,Labour Party,South Ribble,False,V_L_Bennett,1606113410
2106,Seema Kennedy,female,41,Conservative and Unionist Party,South Ribble,True,SeemaKennedy,89698876
2113,Kevin McElduff,male,0,Labour Party,South Staffordshire,False,SStaffsLabour,802905470
2115,Gavin Williamson,male,39,Conservative and Unionist Party,South Staffordshire,True,GavinWilliamson,368314502
2116,Jane Basham,female,0,Labour Party,South Suffolk,False,Jane_Basham,268447012
2117,James Cartlidge,male,41,Conservative and Unionist Party,South Suffolk,True,jc4southsuffolk,2776689260
2121,Robert Buckland,male,47,Conservative and Unionist Party,South Swindon,True,RobertBuckland,14284260
2124,Anne Snelgrove,female,58,Labour Party,South Swindon,False,annesnelgrove,19451651
2135,Andrew Selous,male,53,Conservative and Unionist Party,South West Bedfordshire,True,AndrewSelous,90646214
2137,Chaz Singh,male,0,Labour Party,South West Devon,False,PlymouthChaz,197850470
2140,Simon Diggins,male,0,Labour Party,South West Hertfordshire,False,SimonLeoDiggins,370937104
2141,David Gauke,male,44,Conservative and Unionist Party,South West Hertfordshire,True,DavidGauke,2230539338
2159,Royston Smith,male,51,Conservative and Unionist Party,"Southampton, Itchen",True,Royston_Smith,75562171
2164,Jeremy Moulton,male,0,Conservative and Unionist Party,"Southampton, Test",False,Cllr_JMoulton,290745061
2165,Alan Whitehead,male,65,Labour Party,"Southampton, Test",True,alanwhiteheadmp,389443487
2170,Julian Ware-Lane,male,56,Labour Party,Southend West,False,warelane,20056279
2172,Damien Moore,male,0,Conservative and Unionist Party,Southport,False,moore4southport,2902135256
2175,Liz Savage,female,42,Labour Party,Southport,False,LizSavagelabour,1395516325
2182,Kerry Pollard,male,71,Labour Party,St Albans,False,KerryPollard4mp,860205568136556544
2188,Conor McGinn,male,31,Labour Party,St Helens North,True,ConorMcGinn,36158689
2190,Gillian Keegan,female,0,Conservative and Unionist Party,St Helens South and Whiston,False,GillianKeegan,2986235404
2191,Marie Rimmer,female,68,Labour Party,St Helens South and Whiston,True,MarieRimmer,2350948635
2197,Kate Godfrey,female,0,Labour Party,Stafford,False,KateVotesLabour,722025118432686080
2199,Jeremy Lefroy,male,56,Conservative and Unionist Party,Stafford,True,JeremyLefroy,417975170
2201,Trudie Anne McGuinness,female,0,Labour Party,Staffordshire Moorlands,False,trudiemc,104799470
2215,Ann Coffey,female,69,Labour Party,Stockport,True,anncoffey_mp,558445037
2216,Daniel Hamilton,male,0,Conservative and Unionist Party,Stockport,False,danielrhamilton,57057518
2221,Alex Cunningham,male,60,Labour Party,Stockton North,True,ACunninghamMP,143739561
2222,Chris Daniels,male,41,Conservative and Unionist Party,Stockton North,False,cjdaniels23,2159222343
2239,Bill Cash,male,75,Conservative and Unionist Party,Stone,True,BillCashMP,100520303
2240,Sam Hale,Male,23,Labour Party,Stone,False,samhale123,19817922
2244,Margot James,female,58,Conservative and Unionist Party,Stourbridge,True,margot_james_mp,70796349
2245,Pete Lowe,male,47,Labour Party,Stourbridge,False,pete4stour,1386916794
2258,Kim Caddy,female,37,Conservative and Unionist Party,Streatham,False,KimCaddy,495178605
2261,Chuka Umunna,male,37,Labour Party,Streatham,True,ChukaUmunna,33300246
2266,Kate Green,female,55,Labour Party,Stretford and Urmston,True,KateGreenSU,105838665
2272,Therese Coffey,female,44,Conservative and Unionist Party,Suffolk Coastal,True,theresecoffey,50714939
2275,Julie Elliott,female,52,Labour Party,Sunderland Central,True,JulieElliottMP,776022362
2285,Rob Pocock,male,0,Labour Party,Sutton Coldfield,False,RobPocock1,616250395
2303,Christopher Pincher,male,46,Conservative and Unionist Party,Tamworth,True,ChrisPincher,166598394
2304,George Osborne,male,44,Conservative and Unionist Party,Tatton,True,George_Osborne,1225696320
2313,Lucy Allan,female,51,Conservative and Unionist Party,Telford,True,lucyallan,16134235
2317,Ed Buxton,Male,38,Labour Party,Tewkesbury,False,EdwardBuxton,113176198
2322,Katrina Gilman,female,38,Labour Party,The Wrekin,False,trinagilman,132992219
2323,Mark Pritchard,male,49,Conservative and Unionist Party,The Wrekin,True,MPritchardUK,804596460
2325,Alan Philip Avery,male,67,Labour Party,Thirsk and Malton,False,AveryforLabour,2885995521
2326,Kevin Paul Hollinrake,male,52,Conservative and Unionist Party,Thirsk and Malton,True,kevinhollinrake,49619469
2335,Jackie Doyle-Price,female,46,Conservative and Unionist Party,Thurrock,True,JackieDP,38671387
2346,Sadiq Khan,male,45,Labour Party,Tooting,True,SadiqKhan,19397942
2349,Dan Watkins,male,0,Conservative and Unionist Party,Tooting,False,DanWatkins,212209552
2364,David Lammy,male,43,Labour Party,Tottenham,True,DavidLammy,18020612
2366,Stefan Mrozinski,male,0,Conservative and Unionist Party,Tottenham,False,Stefan4TottMP,2888502291
2376,Greg Clark,male,48,Conservative and Unionist Party,Tunbridge Wells,True,GregClarkMP,224655400
2378,Kevin Kerrigan,male,0,Labour Party,Tunbridge Wells,False,Kevin_Kerrigan1,462438783
2384,Alan Campbell,male,58,Labour Party,Tynemouth,True,alancampbellmp,2601366250
2387,Glenn Hall,male,0,Conservative and Unionist Party,Tynemouth,False,Glenn4tynemouth,719864705091780608
2400,Boris Johnson,male,51,Conservative and Unionist Party,Uxbridge and South Ruislip,True,BorisJohnson,3131144855
2402,Chris Summers,male,0,Labour Party,Uxbridge and South Ruislip,False,chris4uxbridge,2524547796
2412,James Bellis,male,0,Conservative and Unionist Party,Vauxhall,False,jh_bellis,541898068
2416,Kate Hoey,female,69,Labour Party,Vauxhall,True,KateHoeyMP,1284146730
2419,Antony Calvert,male,37,Conservative and Unionist Party,Wakefield,False,antony_calvert,2938302634
2420,Mary Creagh,female,48,Labour Party,Wakefield,True,MaryCreaghMP,169864622
2425,Chris Clarkson,male,33,Conservative and Unionist Party,Wallasey,False,ToryMemo,95172754
2426,Angela Eagle,female,54,Labour Party,Wallasey,True,angelaeagle,124270074
2427,Douglas Hansen-Luke,male,45,Conservative and Unionist Party,Walsall North,False,DHansenLuke,1474229671
2429,Sue Arnold,female,0,Conservative and Unionist Party,Walsall South,False,haselour,94328904
2432,Valerie Vaz,female,61,Labour Party,Walsall South,True,Valerie_VazMP,315283542
2441,Ian Lavery,male,52,Labour Party,Wansbeck,True,IanLaveryMP,300872531
2445,Ed Vaizey,male,47,Conservative and Unionist Party,Wantage,True,edvaizey,18096679
2446,Stephen Edwin Dominic Webb,male,0,Labour Party,Wantage,False,StephenEDWebb,499815128
2449,John Spellar,male,68,Labour Party,Warley,True,spellar,21736214
2450,Helen Jones,female,61,Labour Party,Warrington North,True,HelenJonesMP,989710268
2452,Richard Short,male,0,Conservative and Unionist Party,Warrington North,False,ToryShorty,102489183
2455,Nick Bent,male,0,Labour Party,Warrington South,False,NickBent,49035545
2457,Lynnette Kelly,female,0,Labour Party,Warwick and Leamington,False,lynnettekelly,208183257
2459,Chris White,male,48,Conservative and Unionist Party,Warwick and Leamington,True,Chris_WhiteUK,88974929
2465,Richard Harrington,male,58,Conservative and Unionist Party,Watford,True,Richard4Watford,60738400
2468,Matt Turmaine,male,0,Labour Party,Watford,False,Turmaine,24781358
2469,Peter Aldous,male,54,Conservative and Unionist Party,Waveney,True,peter_aldous,255998767
2470,Bob Blizzard,male,65,Labour Party,Waveney,False,BobJBlizzard,135783875
2479,Graham Evans,male,52,Conservative and Unionist Party,Weaver Vale,True,GrahamEvans,385936104
2480,Julia Tickridge,female,0,Labour Party,Weaver Vale,False,JuliaTickridge,203651911
2495,Anawar Miah,male,0,Labour Party,Welwyn Hatfield,False,WHLabour,515924789
2497,Grant Shapps,male,47,Conservative and Unionist Party,Welwyn Hatfield,True,grantshapps,14104027
2507,Olivia Seccombe,female,0,Conservative and Unionist Party,West Bromwich East,False,oseccombe,1347440538
2508,Tom Watson,male,48,Labour Party,West Bromwich East,True,tom_watson,14190551
2516,Festus Akinbusoye,male,0,Conservative and Unionist Party,West Ham,False,fest4westham,2864747789
2517,Lyn Brown,female,55,Labour Party,West Ham,True,lynbrownmp,1478483473
2520,Rosie Cooper,female,65,Labour Party,West Lancashire,True,rosie4westlancs,110767433
2521,Paul Greenall,male,0,Conservative and Unionist Party,West Lancashire,False,paulvgreenall,97943956
2540,Karen Buck,female,57,Labour Party,Westminster North,True,KarenPBuckMP,259215762
2542,Lindsey Hall,female,0,Conservative and Unionist Party,Westminster North,False,Lindsey4WNorth,1871982156
2553,John Penrose,male,51,Conservative and Unionist Party,Weston-Super-Mare,True,JohnPenroseNews,158315486
2554,Tim Taylor,male,0,Labour Party,Weston-Super-Mare,False,TimTaylorWeston,610292263
2557,Caroline Kerswell,female,0,Conservative and Unionist Party,Wigan,False,CKConservative,3079742145
2558,Lisa Nandy,female,36,Labour Party,Wigan,True,lisanandy,94701778
2561,Stephen Hammond,male,53,Conservative and Unionist Party,Wimbledon,True,S_Hammond,47916280
2562,Andrew Judge,male,0,Labour Party,Wimbledon,False,Andjudge,180918327
2568,Adam Afriyie,male,50,Conservative and Unionist Party,Windsor,True,AdamAfriyie,22031058
2570,Fiona Dent,female,0,Labour Party,Windsor,False,FionaDentLabour,2319613536
2574,Alison McGovern,female,35,Labour Party,Wirral South,True,Alison_McGovern,21713090
2576,Margaret Greenwood,female,56,Labour Party,Wirral West,True,MGreenwoodWW,1464467370
2577,Esther Louise McVey,female,48,Conservative and Unionist Party,Wirral West,False,EstherMcVey1,761499948890329088
2584,David Cameron,male,49,Conservative and Unionist Party,Witney,True,David_Cameron,103065157
2585,Duncan Shaw Thomas Enright,male,51,Labour Party,Witney,False,duncanenright,14631622
2593,Jonathan Lord,male,53,Conservative and Unionist Party,Woking,True,JonathanLord,2787943494
2594,Jill Rawling,female,0,Labour Party,Woking,False,JillRawling,1204168843
2600,Andy Croy,Male,0,Labour Party,Wokingham,False,AndyCroy,32364630
2604,John Redwood,male,64,Conservative and Unionist Party,Wokingham,True,johnredwood,93880122
2606,Darren George Henry,male,0,Conservative and Unionist Party,Wolverhampton North East,False,VoteDarrenHenry,2490452258
2607,Emma Reynolds,female,38,Labour Party,Wolverhampton North East,True,EmmaReynoldsMP,32965648
2608,Pat McFadden,male,50,Labour Party,Wolverhampton South East,True,patmcfaddenmp,25091518
2609,Suria Photay,female,0,Conservative and Unionist Party,Wolverhampton South East,False,SuriaPhotay,865109210
2611,Rob Marris,male,60,Labour Party,Wolverhampton South West,True,Eleanor_SmithMP,2364208508
2612,Paul Uppal,male,48,Conservative and Unionist Party,Wolverhampton South West,False,PaulUppalWSW,258834854
2616,Joy Squires,Female,61,Labour Party,Worcester,False,JoySquires,391162297
2618,Robin Walker,Male,37,Conservative and Unionist Party,Worcester,True,WalkerWorcester,1978270322
2619,Sue Hayman,female,53,Labour Party,Workington,True,SueHayman1,580947925
2622,Barbara Keeley,female,63,Labour Party,Worsley and Eccles South,True,KeeleyMP,331178901
2623,Iain Lindley,male,32,Conservative and Unionist Party,Worsley and Eccles South,False,cllrilindley,16667402
2633,Steven Baker,male,44,Conservative and Unionist Party,Wycombe,True,SteveBakerHW,15157283
2635,David Williams,male,51,Labour Party,Wycombe,False,Bikingbarrister,400239134
2637,Mark Robert Timothy Garnier,male,52,Conservative and Unionist Party,Wyre Forest,True,Mark4WyreForest,20226550
2638,Matthew Lamb,male,45,Labour Party,Wyre Forest,False,Matt4wyreforest,2196660992
2643,Ben Wallace,male,45,Conservative and Unionist Party,Wyre and Preston North,True,BWallaceMP,143405324
2644,Ben Whittingham,male,0,Labour Party,Wyre and Preston North,False,Labour_BenW,2901912703
2647,Fiona Green,female,0,Conservative and Unionist Party,Wythenshawe and Sale East,False,Fiona20Green,2786796467
2648,Mike Kane,male,46,Labour Party,Wythenshawe and Sale East,True,MikeKaneMP,71777646
2667,Julian Sturdy,male,44,Conservative and Unionist Party,York Outer,True,Juliansturdy,8558522
